1,"Automatic Data Processing, Inc.",2021/08/07
2,"GenVec, Inc.",2021/06/17
3,"Craft Brew Alliance, Inc.",2021/06/19
4,"Tallgrass Energy GP, LP",2021/07/08
5,Infinera Corporation,2021/02/05
6,Chatham Lodging Trust (REIT),2021/10/04
7,"The ONE Group Hospitality, Inc.",2021/12/08
8,"ONEOK, Inc.",2021/09/27
9,"Renewable Energy Group, Inc.",2021/07/27
10,PennantPark Investment Corporation,2021/10/27
11,LCI Industries ,2021/10/02
12,Hunter Maritime Acquisition Corp.,2021/10/09
13,"Titan International, Inc.",2021/07/21
14,"Southcross Energy Partners, L.P.",2021/01/01
15,"Collegium Pharmaceutical, Inc.",2021/11/13
16,Stepan Company,2021/02/05
17,Gabelli Global Small and Mid Cap Value Trust (The),2021/07/13
18,"Verastem, Inc.",2021/03/14
19,China Auto Logistics Inc.,2021/12/04
20,DTE Energy Company,2021/09/19
21,Chimera Investment Corporation,2021/03/02
22,Blackrock New York Municipal Bond Trust,2021/11/18
23,Northern Technologies International Corporation,2021/11/27
24,"Gabelli Equity Trust, Inc. (The)",2021/06/20
25,First Trust Mid Cap Value AlphaDEX Fund,2021/09/19
26,Eaton Vance Corporation,2021/01/11
27,"Cree, Inc.",2021/07/14
28,"Voyager Therapeutics, Inc.",2021/05/08
29,"Flexsteel Industries, Inc.",2021/09/01
30,PAR Technology Corporation,2021/04/12
31,BlackRock 2022 Global Income Opportunity Trust,2021/10/30
32,"Taubman Centers, Inc.",2021/10/15
33,Pershing Gold Corporation,2021/06/28
34,Taitron Components Incorporated,2021/06/16
35,Stepan Company,2021/09/08
36,Nuveen Insured New York Select Tax-Free Income Portfolio,2021/10/27
37,John Hancock Investors Trust,2021/10/18
38,"Argo Group International Holdings, Ltd.",2021/04/08
39,China XD Plastics Company Limited,2021/03/23
40,IPG Photonics Corporation,2021/04/01
41,Royal Bank Of Canada,2021/04/25
42,Eagle Point Credit Company Inc.,2021/09/06
43,"Activision Blizzard, Inc",2021/03/24
44,TransCanada Corporation,2021/08/14
45,PIMCO Income Strategy Fund II,2021/08/03
46,ClearBridge Dividend Strategy ESG ETF,2021/02/07
47,Quarterhill Inc.,2021/10/17
48,Green Dot Corporation,2021/12/11
49,"HarborOne Bancorp, Inc.",2021/01/30
50,Cushing Renaissance Fund (The),2021/05/28
51,China Finance Online Co. Limited,2021/01/30
52,Gladstone Investment Corporation,2021/08/09
53,"Intermolecular, Inc.",2021/07/28
54,"Acacia Communications, Inc.",2021/09/17
55,"Zendesk, Inc.",2021/02/11
56,"Hudson Technologies, Inc.",2021/10/15
57,STORE Capital Corporation,2021/01/08
58,PowerShares S&P SmallCap Consumer Discretionary Portfolio,2021/02/16
59,Senior Housing Properties Trust,2021/11/05
60,"Under Armour, Inc.",2021/01/29
61,BioShares Biotechnology Products Fund,2021/11/20
62,"Village Super Market, Inc.",2021/08/02
63,"New York Community Bancorp, Inc.",2021/08/16
64,QuickLogic Corporation,2021/01/12
65,"Goldman Sachs Group, Inc. (The)",2021/07/04
66,"Proteostasis Therapeutics, Inc.",2021/12/17
67,News Corporation,2021/08/07
68,"Huaneng Power International, Inc.",2021/11/07
69,Hospitality Properties Trust,2021/09/18
70,VivoPower International PLC,2021/01/16
71,"Watsco, Inc.",2021/06/02
72,Rice Energy Inc.,2021/12/28
73,YPF Sociedad Anonima,2021/07/06
74,Enterprise Financial Services Corporation,2021/01/08
75,"Lamb Weston Holdings, Inc.",2021/08/13
76,"Oxford Industries, Inc.",2021/06/14
77,NQ Mobile Inc.,2021/07/01
78,"Capricor Therapeutics, Inc.",2021/08/11
79,Ashford Hospitality Trust Inc,2021/09/10
80,El Paso Electric Company,2021/01/11
81,"Colony NorthStar, Inc.",2021/12/09
82,"CYS Investments, Inc.",2021/08/25
83,Cushing Energy Income Fund (The),2021/01/02
84,Illinois Tool Works Inc.,2021/09/29
85,"World Point Terminals, LP",2021/05/09
86,Heska Corporation,2021/06/10
87,Western Asset Global High Income Fund Inc,2021/01/28
88,Alcoa Corporation,2021/11/24
89,Triple-S Management Corporation,2021/07/07
90,vTv Therapeutics Inc.,2021/11/11
91,eBay Inc.,2021/08/14
92,Fifth Street Finance Corp.,2021/04/23
93,Siebert Financial Corp.,2021/09/15
94,Xylem Inc.,2021/02/06
95,Summit State Bank,2021/03/17
96,"Alexandria Real Estate Equities, Inc.",2021/08/02
97,Global Partner Acquisition Corp.,2021/11/04
98,Winmark Corporation,2021/02/20
99,Ideal Power Inc.,2021/01/15
100,"Synthetic Fixed-Income Securities, Inc.",2021/01/27
101,First Trust,2021/03/13
102,NewMarket Corporation,2021/07/05
103,PowerShares BuyBack Achievers Portfolio,2021/03/21
104,Nuveen Build America Bond Fund,2021/03/22
105,"Xerium Technologies, Inc.",2021/10/22
106,"Royce Value Trust, Inc.",2021/12/13
107,"TG Therapeutics, Inc.",2021/08/13
108,"Colony NorthStar, Inc.",2021/01/30
109,Norwood Financial Corp.,2021/09/23
110,Cinedigm Corp,2021/03/10
111,"Pacific Ethanol, Inc.",2021/05/09
112,"UFP Technologies, Inc.",2021/02/12
113,iRadimed Corporation,2021/03/04
114,Mississippi Power Company,2021/06/05
115,"Oxford Industries, Inc.",2021/06/08
116,Fifth Street Finance Corp.,2021/09/23
117,CPS Technologies Corp.,2021/07/22
118,"SMART Global Holdings, Inc.",2021/04/24
119,"AutoNation, Inc.",2021/02/21
120,"T2 Biosystems, Inc.",2021/12/24
121,IntriCon Corporation,2021/07/10
122,F.N.B. Corporation,2021/07/04
123,Eaton Vance Tax-Managed Diversified Equity Income Fund,2021/03/08
124,The Community Financial Corporation,2021/06/15
125,"Sinclair Broadcast Group, Inc.",2021/11/28
126,"Kinder Morgan, Inc.",2021/05/31
127,Wayfair Inc.,2021/11/12
128,"HomeTrust Bancshares, Inc.",2021/10/06
129,"ClubCorp Holdings, Inc.",2021/09/24
130,Intrexon Corporation,2021/08/29
131,Toll Brothers Inc.,2021/03/26
132,Westlake Chemical Corporation,2021/05/23
133,"Himax Technologies, Inc.",2021/02/19
134,"Fossil Group, Inc.",2021/03/10
135,"Cavium, Inc.",2021/05/02
136,AllianceBernstein Holding L.P.,2021/08/22
137,Blackrock Defined Opportunity Credit Trust,2021/11/19
138,"Omega Flex, Inc.",2021/10/27
139,"Sunstone Hotel Investors, Inc.",2021/02/22
140,"McDermott International, Inc.",2021/05/05
141,"Five Below, Inc.",2021/10/12
142,SeaSpine Holdings Corporation,2021/03/30
143,"Park City Group, Inc.",2021/11/04
144,"Vishay Intertechnology, Inc.",2021/12/09
145,Echelon Corporation,2021/10/13
146,Delaware Enhanced Global Dividend,2021/02/14
147,"CSG Systems International, Inc.",2021/01/29
148,Adient plc,2021/07/23
149,"China Jo-Jo Drugstores, Inc.",2021/09/22
150,"Apple Hospitality REIT, Inc.",2021/02/01
151,Grupo Financiero Galicia S.A.,2021/11/28
152,United States Cellular Corporation,2021/11/04
153,Bank of America Corporation,2021/07/03
154,ProQR Therapeutics N.V.,2021/03/14
155,"Huntington Ingalls Industries, Inc.",2021/11/10
156,First Trust NASDAQ-100 Ex-Technology Sector Index Fund,2021/11/10
157,"Inventure Foods, Inc.",2021/11/18
158,JetPay Corporation,2021/10/13
159,"XG Technology, Inc",2021/09/21
160,"Qorvo, Inc.",2021/11/09
161,"Haynes International, Inc.",2021/07/28
162,"Amtech Systems, Inc.",2021/05/27
163,Public Storage,2021/09/13
164,Huntington Bancshares Incorporated,2021/05/16
165,Willis Lease Finance Corporation,2021/05/12
166,"B&G Foods, Inc.",2021/12/30
167,"Armstrong Flooring, Inc.",2021/11/08
168,Tata Motors Ltd,2021/02/18
169,Hutchison China MediTech Limited,2021/08/14
170,"InnerWorkings, Inc.",2021/05/23
171,"Synthetic Fixed-Income Securities, Inc.",2021/11/24
172,"Loral Space and Communications, Inc.",2021/12/01
173,"Shake Shack, Inc.",2021/05/10
174,"Randolph Bancorp, Inc.",2021/04/29
175,"Red Robin Gourmet Burgers, Inc.",2021/01/17
176,Live Ventures Incorporated,2021/05/14
177,"Popular, Inc.",2021/08/10
178,Costamare Inc.,2021/08/05
179,Modern Media Acquisition Corp.,2021/11/19
180,NASDAQ TEST STOCK,2021/10/04
181,"Chanticleer Holdings, Inc.",2021/07/17
182,"Blueknight Energy Partners L.P., L.L.C.",2021/12/09
183,"Global Water Resources, Inc.",2021/06/09
184,iPath US Treasury 2-year Bull ETN,2021/07/09
185,Electrum Special Acquisition Corporation,2021/09/30
186,Davis Select Worldwide ETF,2021/10/22
187,Hoegh LNG Partners LP,2021/07/18
188,"MarineMax, Inc.",2021/04/24
189,"Casella Waste Systems, Inc.",2021/12/07
190,"Orexigen Therapeutics, Inc.",2021/12/02
191,Caesars Acquisition Company,2021/04/08
192,Martin Midstream Partners L.P.,2021/03/26
193,Allstate Corporation (The),2021/04/14
194,Hudbay Minerals Inc.,2021/01/07
195,Barington/Hilco Acquisition Corp.,2021/07/11
196,Microbot Medical Inc. ,2021/12/15
197,Dover Corporation,2021/05/19
198,"Orion Energy Systems, Inc.",2021/03/09
199,"AG Mortgage Investment Trust, Inc.",2021/04/18
200,First Trust High Income ETF,2021/08/28
201,"Becton, Dickinson and Company",2021/06/15
202,Navistar International Corporation,2021/06/02
203,iShares MSCI Europe Small-Cap ETF,2021/10/04
204,Neogen Corporation,2021/11/28
205,WD-40 Company,2021/10/29
206,"T-Mobile US, Inc.",2021/02/28
207,HollyFrontier Corporation,2021/08/17
208,Intra-Cellular Therapies Inc.,2021/02/03
209,Renasant Corporation,2021/06/27
210,"Surmodics, Inc.",2021/02/12
211,Royal Bank Scotland plc (The),2021/03/26
212,Janus Henderson Small Cap Growth Alpha ETF,2021/03/15
213,BBVA Banco Frances S.A.,2021/12/21
214,The Goodyear Tire & Rubber Company,2021/08/25
215,FIRST REPUBLIC BANK,2021/03/25
216,"Magna International, Inc.",2021/02/25
217,CSI Compressco LP,2021/03/09
218,"RCM Technologies, Inc.",2021/01/15
219,"Accelerate Diagnostics, Inc.",2021/12/10
220,"Alliance HealthCare Services, Inc.",2021/05/15
221,Microsemi Corporation,2021/05/04
222,Performance Food Group Company,2021/09/21
223,Israel Chemicals Shs,2021/01/01
224,Celgene Corporation,2021/05/07
225,"Caseys General Stores, Inc.",2021/09/26
226,"Citizens, Inc.",2021/12/24
227,"Q2 Holdings, Inc.",2021/08/13
228,"CASI Pharmaceuticals, Inc.",2021/06/07
229,Boardwalk Pipeline Partners L.P.,2021/04/16
230,Ellington Financial LLC,2021/06/09
231,Norbord Inc.,2021/05/10
232,Hess Midstream Partners LP,2021/04/13
233,Comcast Corporation,2021/05/07
234,"China Fund, Inc. (The)",2021/10/08
235,Bank Of New York Mellon Corporation (The),2021/08/22
236,"El Pollo Loco Holdings, Inc.",2021/05/19
237,Entertainment Gaming Asia Incorporated,2021/06/14
238,"The Ultimate Software Group, Inc.",2021/10/05
239,"Hartford Financial Services Group, Inc. (The)",2021/09/16
240,"WPX Energy, Inc.",2021/05/05
241,FedEx Corporation,2021/05/06
242,"Patterson Companies, Inc.",2021/10/01
243,Hutchison China MediTech Limited,2021/08/11
244,"Advaxis, Inc.",2021/10/26
245,"Cogentix Medical, Inc.",2021/03/20
246,"Universal Stainless & Alloy Products, Inc.",2021/10/26
247,Cliffs Natural Resources Inc.,2021/01/02
248,First Trust Municipal CEF Income Opportunity ETF,2021/07/22
249,"Atlas Financial Holdings, Inc.",2021/03/13
250,Boston Omaha Corporation,2021/01/13
251,Schlumberger N.V.,2021/05/28
252,Echelon Corporation,2021/07/31
253,Stone Harbor Emerging Markets Income Fund,2021/04/11
254,Pan American Silver Corp.,2021/11/30
255,Nordic American Tankers Limited,2021/12/23
256,"Allied World Assurance Company Holdings, AG",2021/09/13
257,Baytex Energy Corp,2021/07/19
258,Double Eagle Acquisition Corp.,2021/09/27
259,Future FinTech Group Inc.,2021/03/18
260,Pebblebrook Hotel Trust,2021/10/27
261,"Duff & Phelps Utility & Corporate Bond Trust, Inc.",2021/04/28
262,"GlycoMimetics, Inc.",2021/05/27
263,AmeriServ Financial Inc.,2021/05/24
264,"GlycoMimetics, Inc.",2021/08/20
265,First Trust Strategic High Income Fund II,2021/08/10
266,"Juno Therapeutics, Inc.",2021/02/20
267,Benitec Biopharma Limited,2021/04/30
268,"Capital Trust, Inc.",2021/02/17
269,TICC Capital Corp.,2021/12/03
270,"Sangamo Therapeutics, Inc.",2021/05/23
271,"Clearside Biomedical, Inc.",2021/08/08
272,Public Storage,2021/02/24
273,Flaherty & Crumrine Preferred Income Opportunity Fund Inc,2021/12/19
274,"Vail Resorts, Inc.",2021/03/06
275,"Genomic Health, Inc.",2021/09/19
276,CounterPath Corporation,2021/06/04
277,"Badger Meter, Inc.",2021/03/17
278,City Holding Company,2021/05/12
279,"Chipotle Mexican Grill, Inc.",2021/05/17
280,Transdigm Group Incorporated,2021/06/17
281,Delaware Enhanced Global Dividend,2021/05/26
282,MB Financial Inc.,2021/04/09
283,Alpine Global Premier Properties Fund,2021/03/15
284,"AMAG Pharmaceuticals, Inc.",2021/11/19
285,"AVEO Pharmaceuticals, Inc.",2021/04/01
286,Tekla Healthcare Investors,2021/09/28
287,Rayonier Inc.,2021/07/07
288,"Zillow Group, Inc.",2021/08/25
289,"PNC Financial Services Group, Inc. (The)",2021/05/04
290,Brookfield Canada Office Properties,2021/04/19
291,"Royal Gold, Inc.",2021/01/09
292,"Iteris, Inc.",2021/01/25
293,Two River Bancorp,2021/08/11
294,Andina Acquisition Corp. II,2021/04/21
295,"Commerce Bancshares, Inc.",2021/01/10
296,Nuveen Mortgage Opportunity Term Fund,2021/08/28
297,"Heidrick & Struggles International, Inc.",2021/03/21
298,"Coeur Mining, Inc.",2021/07/20
299,"Hartford Financial Services Group, Inc. (The)",2021/10/21
300,Global Medical REIT Inc.,2021/08/12
301,"Coherus BioSciences, Inc.",2021/12/13
302,ReWalk Robotics Ltd,2021/04/26
303,"AG Mortgage Investment Trust, Inc.",2021/06/11
304,"PGT Innovations, Inc.",2021/09/19
305,"SolarEdge Technologies, Inc.",2021/08/20
306,"PC-Tel, Inc.",2021/06/25
307,"Community Bank System, Inc.",2021/05/08
308,"Heartland Express, Inc.",2021/09/05
309,CBX (Listing Market NYSE Networks AE,2021/07/23
310,HSBC Holdings plc,2021/10/21
311,Charter Financial Corp.,2021/03/27
312,"Westbury Bancorp, Inc.",2021/03/20
313,First Trust Indxx Global Natural Resources Income ETF,2021/11/19
314,AC Immune SA,2021/11/27
315,"Ashford Hospitality Prime, Inc.",2021/07/28
316,Omnicom Group Inc.,2021/02/22
317,Dow Chemical Company (The),2021/04/01
318,Amerco,2021/01/16
319,Nuveen Credit Strategies Income Fund,2021/01/06
320,Ternium S.A.,2021/01/29
321,Orthofix International N.V.,2021/10/30
322,"Silicon Laboratories, Inc.",2021/08/19
323,"Consumer Portfolio Services, Inc.",2021/07/04
324,Frontier Communications Corporation,2021/10/08
325,Invesco Municipal Opportunity Trust,2021/05/30
326,Seacoast Banking Corporation of Florida,2021/01/03
327,InterXion Holding N.V.,2021/03/21
328,Mesa Royalty Trust,2021/01/14
329,Citigroup Inc.,2021/10/26
330,First Trust Nasdaq Retail ETF,2021/04/04
331,"Banc of California, Inc.",2021/09/01
332,Morgan Stanley,2021/07/03
333,"RTI Surgical, Inc.",2021/01/08
334,Government Properties Income Trust,2021/09/24
335,"Codexis, Inc.",2021/08/06
336,Blackrock Global,2021/05/20
337,"Woodward, Inc.",2021/12/21
338,Akari Therapeutics Plc,2021/10/31
339,"Stanley Black & Decker, Inc.",2021/02/07
340,"Tetra Technologies, Inc.",2021/12/10
341,Synnex Corporation,2021/11/13
342,"Intuitive Surgical, Inc.",2021/10/01
343,"ServiceMaster Global Holdings, Inc.",2021/08/23
344,The Kraft Heinz Company,2021/04/15
345,"M I Acquisitions, Inc.",2021/10/30
346,Wells Fargo Global Dividend Opportunity Fund,2021/07/01
347,"RPC, Inc.",2021/06/28
348,"Quality Systems, Inc.",2021/07/06
349,"Merck & Company, Inc.",2021/06/17
350,NeuroDerm Ltd.,2021/03/12
351,Diebold Nixdorf Incorporated,2021/05/20
352,"Care Capital Properties, Inc.",2021/04/05
353,"Image Sensing Systems, Inc.",2021/04/28
354,Toronto Dominion Bank (The),2021/12/06
355,"Blackrock MuniYield Fund, Inc.",2021/12/31
356,Halliburton Company,2021/11/05
357,"Old Second Bancorp, Inc.",2021/05/11
358,Stryker Corporation,2021/02/24
359,MidSouth Bancorp,2021/01/06
360,Lennar Corporation,2021/09/18
361,"Determine, Inc. ",2021/12/09
362,"Solaris Oilfield Infrastructure, Inc.",2021/07/10
363,"Simulations Plus, Inc.",2021/05/03
364,Primoris Services Corporation,2021/07/30
365,"OneBeacon Insurance Group, Ltd.",2021/08/30
366,Chesapeake Energy Corporation,2021/01/29
367,"Equifax, Inc.",2021/09/09
368,"American Eagle Outfitters, Inc.",2021/11/18
369,Medley LLC,2021/12/03
370,IRIDEX Corporation,2021/02/12
371,Cemtrex Inc.,2021/11/20
372,Avadel Pharmaceuticals plc,2021/12/07
373,Perrigo Company,2021/04/27
374,"Red Hat, Inc.",2021/02/18
375,"Haverty Furniture Companies, Inc.",2021/01/23
376,"Achillion Pharmaceuticals, Inc.",2021/06/03
377,"First Connecticut Bancorp, Inc.",2021/09/08
378,"Surgery Partners, Inc.",2021/11/28
379,Pacific Coast Oil Trust,2021/09/25
380,"YuMe, Inc.",2021/04/07
381,"Internet Initiative Japan, Inc.",2021/08/28
382,iPath US Treasury 5-year Bull ETN,2021/05/19
383,Bristol-Myers Squibb Company,2021/04/10
384,Quinpario Acquisition Corp. 2,2021/09/11
385,"Everspin Technologies, Inc.",2021/03/18
386,Drive Shack Inc.,2021/11/17
387,LPL Financial Holdings Inc.,2021/09/08
388,Westport Fuel Systems Inc,2021/06/12
389,"Prudential Short Duration High Yield Fund, Inc.",2021/06/23
390,Jewett-Cameron Trading Company,2021/11/08
391,"Dominion Energy, Inc.",2021/04/13
392,Forum Merger Corporation,2021/02/07
393,"Provident Bancorp, Inc.",2021/08/11
394,CTI Industries Corporation,2021/07/04
395,Wright Medical Group N.V.,2021/12/04
396,Pan American Silver Corp.,2021/12/28
397,"American Electric Technologies, Inc.",2021/10/15
398,YPF Sociedad Anonima,2021/12/14
399,"Sinovac Biotech, Ltd.",2021/07/10
400,"Community First Bancshares, Inc.",2021/02/10
401,FIRST REPUBLIC BANK,2021/04/29
402,"Consumer Portfolio Services, Inc.",2021/07/06
403,"Union Bankshares, Inc.",2021/10/24
404,"TerraForm Global, Inc.",2021/07/29
405,Deltic Timber Corporation,2021/07/27
406,Neonode Inc.,2021/02/19
407,Itau Unibanco Banco Holding SA,2021/03/18
408,Scudder Strategic Municiple Income Trust,2021/09/08
409,Encore Capital Group Inc,2021/03/06
410,Newell Brands Inc.,2021/03/06
411,W.R. Berkley Corporation,2021/04/30
412,"Kingstone Companies, Inc",2021/07/20
413,Optibase Ltd.,2021/06/09
414,Apache Corporation,2021/02/18
415,Pool Corporation,2021/08/14
416,Glu Mobile Inc.,2021/05/04
417,Genpact Limited,2021/03/19
418,GasLog Partners LP,2021/08/16
419,CorVel Corp.,2021/06/21
420,BlackRock New Jersey Municipal Income Trust,2021/06/30
421,Tutor Perini Corporation,2021/10/15
422,Garrison Capital Inc.,2021/04/02
423,Southwestern Energy Company,2021/09/19
424,"MidWestOne Financial Group, Inc.",2021/10/29
425,"Western New England Bancorp, Inc.",2021/12/29
426,"MISONIX, Inc.",2021/07/01
427,BP p.l.c.,2021/04/09
428,"Autoliv, Inc.",2021/09/10
429,"Interface, Inc.",2021/07/14
430,"Donegal Group, Inc.",2021/12/15
431,Benitec Biopharma Limited,2021/09/14
432,"Black Stone Minerals, L.P.",2021/10/18
433,"Goldman Sachs Group, Inc. (The)",2021/05/01
434,First Majestic Silver Corp.,2021/09/21
435,"Intevac, Inc.",2021/08/01
436,"Praxair, Inc.",2021/07/14
437,Columbus McKinnon Corporation,2021/06/08
438,Air Lease Corporation,2021/12/27
439,"Fauquier Bankshares, Inc.",2021/03/06
440,Potbelly Corporation,2021/07/30
441,"HFF, Inc.",2021/04/24
442,Blackrock Global,2021/08/27
443,ProShares UltraPro Short NASDAQ Biotechnology,2021/03/01
444,Chesapeake Utilities Corporation,2021/03/26
445,Monster Beverage Corporation,2021/07/22
446,Barclays Inverse US Treasury Composite ETN,2021/05/05
447,ClearSign Combustion Corporation,2021/09/02
448,VOXX International Corporation,2021/08/15
449,Ceragon Networks Ltd.,2021/02/07
450,"Ritter Pharmaceuticals, Inc.",2021/10/09
451,MB Financial Inc.,2021/02/09
452,JMP Group LLC,2021/02/15
453,Senior Housing Properties Trust,2021/04/15
454,500.com Limited,2021/11/06
455,Eaton Vance Tax-Advantaged Global Dividend Income Fund,2021/09/11
456,"Morgan Stanley Emerging Markets Domestic Debt Fund, Inc.",2021/06/20
457,Wingstop Inc.,2021/12/05
458,"The Dixie Group, Inc.",2021/11/19
459,Regional Management Corp.,2021/03/18
460,Lehman ABS Corporation,2021/02/26
461,PartnerRe Ltd.,2021/06/17
462,Mechel PAO,2021/05/07
463,"Gilead Sciences, Inc.",2021/02/18
464,Quest Resource Holding Corporation.,2021/11/15
465,American Tower Corporation (REIT),2021/03/16
466,"U.S. Auto Parts Network, Inc.",2021/06/16
467,Eaton Vance Enhance Equity Income Fund,2021/06/01
468,"Four Corners Property Trust, Inc.",2021/11/15
469,"SGOCO Group, Ltd",2021/02/07
470,Murphy Oil Corporation,2021/12/22
471,"Corium International, Inc.",2021/04/01
472,Sapiens International Corporation N.V.,2021/01/15
473,Janus Henderson Group plc,2021/11/30
474,ASA Gold and Precious Metals Limited,2021/08/12
475,"Synthetic Fixed-Income Securities, Inc.",2021/01/07
476,Blackrock Health Sciences Trust,2021/03/18
477,"Parsley Energy, Inc.",2021/12/20
478,"Northfield Bancorp, Inc.",2021/02/14
479,RenaissanceRe Holdings Ltd.,2021/01/08
480,"GoPro, Inc.",2021/08/18
481,ClearBridge Energy MLP Total Return Fund Inc.,2021/07/03
482,Pilgrim's Pride Corporation,2021/10/21
483,Barings Participation Investors,2021/03/15
484,VelocityShares VIX Short-Term ETN,2021/04/09
485,"Tootsie Roll Industries, Inc.",2021/01/15
486,"Retail Properties of America, Inc.",2021/11/26
487,Caesars Acquisition Company,2021/04/08
488,Playa Hotels & Resorts N.V.,2021/07/05
489,TCF Financial Corporation,2021/04/24
490,"WesBanco, Inc.",2021/05/06
491,"Social Reality, Inc.",2021/02/09
492,Carlisle Companies Incorporated,2021/06/12
493,"A V Homes, Inc.",2021/12/31
494,Dominion Diamond Corporation,2021/05/01
495,iPath US Treasury 2-year Bull ETN,2021/10/09
496,"Morgan Stanley Asia-Pacific Fund, Inc.",2021/02/03
497,Iridium Communications Inc,2021/07/30
498,"Flagstar Bancorp, Inc.",2021/07/25
499,XTL Biopharmaceuticals Ltd.,2021/08/05
500,"Suburban Propane Partners, L.P.",2021/06/22
501,NorthWestern Corporation,2021/06/15
502,"Hercules Capital, Inc.",2021/04/16
503,"PIMCO Commercial Mortgage Securities Trust, Inc.",2021/06/02
504,"Owens-Illinois, Inc.",2021/11/28
505,Assured Guaranty Ltd.,2021/11/20
506,Invesco Plc,2021/01/24
507,Yintech Investment Holdings Limited,2021/05/15
508,Exact Sciences Corporation,2021/04/04
509,"Maiden Holdings, Ltd.",2021/12/05
510,Virtus Total Return Fund Inc.,2021/11/07
511,"CVR Partners, LP",2021/08/29
512,Scudder Multi-Market Income Trust,2021/05/09
513,"Mota Group, Inc.",2021/12/17
514,"Equity Bancshares, Inc.",2021/04/25
515,Unit Corporation,2021/11/20
516,WisdomTree Emerging Markets Consumer Growth Fund,2021/10/30
517,Apollo Tactical Income Fund Inc.,2021/05/25
518,"HTG Molecular Diagnostics, Inc.",2021/02/10
519,"Blackrock MuniYield New Jersey Fund, Inc.",2021/08/14
520,CSI Compressco LP,2021/05/16
521,Gladstone Capital Corporation,2021/07/19
522,Brixmor Property Group Inc.,2021/04/02
523,"North American Energy Partners, Inc.",2021/10/09
524,Amira Nature Foods Ltd,2021/09/13
525,"Aemetis, Inc",2021/02/25
526,"CAS Medical Systems, Inc.",2021/09/09
527,CHS Inc,2021/06/21
528,CA Inc.,2021/03/19
529,STMicroelectronics N.V.,2021/01/28
530,Altra Industrial Motion Corp.,2021/04/20
531,CABCO Series 2004-101 Trust,2021/04/13
532,Nuveen Ohio Quality Municipal Income Fund,2021/11/29
533,PIMCO Municipal Income Fund III,2021/08/03
534,"Finjan Holdings, Inc.",2021/02/01
535,"WhiteHorse Finance, Inc.",2021/08/15
536,"Soleno Therapeutics, Inc.",2021/06/20
537,CBRE Clarion Global Real Estate Income Fund,2021/02/10
538,"Hercules Capital, Inc.",2021/03/08
539,WSI Industries Inc.,2021/08/01
540,Gladstone Capital Corporation,2021/02/23
541,"Gyrodyne , LLC",2021/02/14
542,MDC Partners Inc.,2021/08/27
543,AGCO Corporation,2021/11/24
544,"Commerce Union Bancshares, Inc.",2021/01/05
545,"Exelixis, Inc.",2021/06/15
546,"Inogen, Inc",2021/06/16
547,"Lazard World Dividend & Income Fund, Inc.",2021/01/23
548,"Marinus Pharmaceuticals, Inc.",2021/10/26
549,Citigroup Inc.,2021/03/04
550,General Electric Company,2021/05/09
551,"Blackrock MuniHoldings Quality Fund II, Inc.",2021/03/01
552,General Electric Capital Corporation,2021/06/28
553,First Trust Emerging Markets AlphaDEX Fund,2021/10/22
554,Cresud S.A.C.I.F. y A.,2021/11/04
555,Mountain Province Diamonds Inc.,2021/12/13
556,"Everbridge, Inc.",2021/04/14
557,"Haverty Furniture Companies, Inc.",2021/06/02
558,"21Vianet Group, Inc.",2021/03/16
559,"SINOPEC Shangai Petrochemical Company, Ltd.",2021/07/19
560,Invesco Plc,2021/09/21
561,Atlantic American Corporation,2021/02/28
562,USD Partners LP,2021/02/12
563,ProPetro Holding Corp.,2021/06/04
564,Rosehill Resources Inc.,2021/06/05
565,"Alarm.com Holdings, Inc.",2021/07/30
566,Cowen Inc.,2021/09/24
567,"Q2 Holdings, Inc.",2021/06/11
568,"Zendesk, Inc.",2021/06/26
569,"Alamo Group, Inc.",2021/09/05
570,"U S Concrete, Inc.",2021/02/01
571,J P Morgan Chase & Co,2021/05/15
572,"ASB Bancorp, Inc.",2021/08/20
573,"New Ireland Fund, Inc. (The)",2021/11/05
574,Abeona Therapeutics Inc.,2021/09/04
575,TCF Financial Corporation,2021/01/26
576,Data I/O Corporation,2021/12/21
577,"Simon Property Group, Inc.",2021/11/30
578,Bank of America Corporation,2021/12/12
579,PowerShares Nasdaq Internet Portfolio,2021/05/13
580,"Huaneng Power International, Inc.",2021/11/20
581,Kroger Company (The),2021/11/11
582,FORM Holdings Corp.,2021/12/19
583,Rite Aid Corporation,2021/04/26
584,PowerShares DWA Industrials Momentum Portfolio,2021/11/19
585,"Atlas Financial Holdings, Inc.",2021/07/27
586,Jensyn Acquistion Corp.,2021/11/13
587,Range Resources Corporation,2021/05/08
588,"Art's-Way Manufacturing Co., Inc.",2021/06/07
589,"tronc, Inc.",2021/10/04
590,Mercury General Corporation,2021/01/03
591,"Pacific American Income Shares, Inc.",2021/06/05
592,TFS Financial Corporation,2021/07/30
593,"J. Alexander's Holdings, Inc.",2021/04/28
594,CRISPR Therapeutics AG,2021/05/30
595,Simmons First National Corporation,2021/08/21
596,"PRA Health Sciences, Inc.",2021/05/12
597,Aptevo Therapeutics Inc.,2021/11/13
598,"BMC Stock Holdings, Inc.",2021/07/17
599,IBERIABANK Corporation,2021/07/25
600,Synovus Financial Corp.,2021/08/03
601,"Pacific American Income Shares, Inc.",2021/05/14
602,Nuveen Arizona Quality Municipal Income Fund,2021/01/19
603,"Teradyne, Inc.",2021/04/24
604,Kayne Anderson MLP Investment Company,2021/10/31
605,WSI Industries Inc.,2021/04/26
606,WGL Holdings Inc,2021/05/20
607,Drive Shack Inc.,2021/06/18
608,La-Z-Boy Incorporated,2021/08/31
609,Lsb Industries Inc.,2021/04/04
610,U.S. Bancorp,2021/07/08
611,FIRST REPUBLIC BANK,2021/01/10
612,Flex Ltd.,2021/07/03
613,"Royal Gold, Inc.",2021/10/15
614,Simmons First National Corporation,2021/10/24
615,Trinseo S.A.,2021/06/23
616,"Mellanox Technologies, Ltd.",2021/06/22
617,"Pernix Therapeutics Holdings, Inc.",2021/10/04
618,"WCF Bancorp, Inc.",2021/03/21
619,Intel Corporation,2021/12/25
620,Intercontinental Hotels Group,2021/07/24
621,"American Financial Group, Inc.",2021/11/19
622,Pebblebrook Hotel Trust,2021/03/04
623,"PNC Financial Services Group, Inc. (The)",2021/04/20
624,"Landstar System, Inc.",2021/04/29
625,"Spectra Energy Partners, LP",2021/10/18
626,TCF Financial Corporation,2021/03/03
627,"MBIA, Inc.",2021/08/23
628,"Capitol Federal Financial, Inc.",2021/12/29
629,Liberty Media Corporation,2021/09/04
630,First Trust Senior Floating Rate 2022 Target Term Fund,2021/09/20
631,"Global Blood Therapeutics, Inc.",2021/06/23
632,"Oncobiologics, Inc.",2021/05/17
633,"KMG Chemicals, Inc.",2021/05/21
634,"Veritex Holdings, Inc.",2021/01/04
635,ZTO Express (Cayman) Inc.,2021/10/14
636,Advent/Claymore Enhanced Growth & Income Fund,2021/09/04
637,PJT Partners Inc.,2021/08/14
638,"ASV Holdings, Inc.",2021/06/03
639,Approach Resources Inc.,2021/09/18
640,"Callidus Software, Inc.",2021/03/15
641,Lightbridge Corporation,2021/11/04
642,"Sinclair Broadcast Group, Inc.",2021/02/17
643,"Web.com Group, Inc.",2021/10/17
644,Mistras Group Inc,2021/07/29
645,"Dover Motorsports, Inc.",2021/01/25
646,"TRC Companies, Inc.",2021/01/23
647,"NETGEAR, Inc.",2021/04/06
648,American Homes 4 Rent,2021/11/28
649,Invesco Trust  for Investment Grade New York Municipal,2021/09/16
650,"The Finish Line, Inc.",2021/03/28
651,American Homes 4 Rent,2021/08/07
652,KNOT Offshore Partners LP,2021/05/15
653,"Community First Bancshares, Inc.",2021/05/29
654,"Maiden Holdings, Ltd.",2021/10/21
655,"United-Guardian, Inc.",2021/09/08
656,KKR Income Opportunities Fund,2021/08/11
657,GGP Inc.,2021/02/23
658,GMS Inc.,2021/06/29
659,Cooper Tire & Rubber Company,2021/09/14
660,"Source Capital, Inc.",2021/06/23
661,J P Morgan Chase & Co,2021/03/25
662,First Trust Global Tactical Commodity Strategy Fund,2021/06/24
663,"Community Health Systems, Inc.",2021/08/02
664,TAT Technologies Ltd.,2021/05/30
665,"Apricus Biosciences, Inc.",2021/09/22
666,Blackrock Health Sciences Trust,2021/09/04
667,"Cloudera, Inc.",2021/01/03
668,Stellus Capital Investment Corporation,2021/03/14
669,Monroe Capital Corporation,2021/03/25
670,Ares Management L.P.,2021/09/10
671,Aegon NV,2021/06/19
672,Preformed Line Products Company,2021/12/08
673,"Imperva, Inc.",2021/01/08
674,Vical Incorporated,2021/05/21
675,Fuling Global Inc.,2021/04/29
676,Air Lease Corporation,2021/07/03
677,Centrais Electricas Brasileiras S.A.- Eletrobras,2021/03/24
678,Main Street Capital Corporation,2021/10/16
679,Comerica Incorporated,2021/10/30
680,Vodafone Group Plc,2021/12/25
681,Adesto Technologies Corporation,2021/09/26
682,ResMed Inc.,2021/05/11
683,"Paramount Group, Inc.",2021/08/17
684,CoreSite Realty Corporation,2021/07/16
685,Blackrock Municipal Bond Trust,2021/02/15
686,"Simon Property Group, Inc.",2021/10/08
687,Highway Holdings Limited,2021/12/13
688,"American Electric Technologies, Inc.",2021/07/30
689,Cintas Corporation,2021/03/02
690,Guggenheim Credit Allocation Fund,2021/09/20
691,"Perma-Fix Environmental Services, Inc.",2021/08/19
692,Norwood Financial Corp.,2021/06/18
693,"Global Ship Lease, Inc.",2021/10/11
694,Northrop Grumman Corporation,2021/09/25
695,"American Software, Inc.",2021/05/14
696,EchoStar Corporation,2021/10/22
697,"Gilead Sciences, Inc.",2021/03/16
698,"PDF Solutions, Inc.",2021/10/01
699,DISH Network Corporation,2021/12/15
700,Torchmark Corporation,2021/08/14
701,AGNC Investment Corp.,2021/01/22
702,"Simulations Plus, Inc.",2021/12/15
703,Enerplus Corporation,2021/02/24
704,"Cohen & Steers Closed-End Opportunity Fund, Inc.",2021/08/14
705,LCI Industries ,2021/02/07
706,"Deswell Industries, Inc.",2021/08/06
707,Oconee Federal Financial Corp.,2021/10/26
708,INTL FCStone Inc.,2021/07/23
709,Nam Tai Property Inc.,2021/09/27
710,Parker Drilling Company,2021/07/08
711,Axar Acquisition Corp.,2021/04/09
712,"The Finish Line, Inc.",2021/03/06
713,"LendingTree, Inc.",2021/07/26
714,Hersha Hospitality Trust,2021/01/30
715,"NI Holdings, Inc.",2021/10/28
716,"Analog Devices, Inc.",2021/10/05
717,First Trust RiverFront Dynamic Emerging Markets ETF,2021/09/16
718,"Sunshine Bancorp, Inc.",2021/05/14
719,"TripAdvisor, Inc.",2021/05/14
720,JM Global Holding Company,2021/02/27
721,EVINE Live Inc.,2021/07/03
722,"Sequential Brands Group, Inc.",2021/02/01
723,"Universal Health Services, Inc.",2021/05/16
724,Bank of Marin Bancorp,2021/04/06
725,"Sierra Wireless, Inc.",2021/03/25
726,Renasant Corporation,2021/09/14
727,Investors Real Estate Trust,2021/06/03
728,"FS Bancorp, Inc.",2021/08/04
729,"Vivint Solar, Inc.",2021/11/13
730,United Therapeutics Corporation,2021/11/11
731,"Inogen, Inc",2021/05/13
732,Quest Resource Holding Corporation.,2021/07/08
733,"Merck & Company, Inc.",2021/03/19
734,Quinpario Acquisition Corp. 2,2021/07/07
735,"InterDigital, Inc.",2021/07/09
736,"Gray Television, Inc.",2021/01/19
737,"WesBanco, Inc.",2021/08/31
738,"CSW Industrials, Inc.",2021/03/27
739,"Miragen Therapeutics, Inc.",2021/02/25
740,"WageWorks, Inc.",2021/07/07
741,Celgene Corporation,2021/06/18
742,SuperValu Inc.,2021/05/11
743,"Dunkin' Brands Group, Inc.",2021/10/04
744,Adtalem Global Education Inc.,2021/04/29
745,Colfax Corporation,2021/02/03
746,"B. Riley Financial, Inc.",2021/03/06
747,FlexShares Credit-Scored US Corporate Bond Index Fund,2021/02/13
748,Park Sterling Corporation,2021/04/08
749,Nordson Corporation,2021/07/20
750,Molina Healthcare Inc,2021/04/14
751,"Western Asset Municipal High Income Fund, Inc.",2021/06/12
752,DRDGOLD Limited,2021/09/13
753,The AES Corporation,2021/12/31
754,Quest Diagnostics Incorporated,2021/08/09
755,Cowen Inc.,2021/01/25
756,ABB Ltd,2021/06/06
757,Conduent Incorporated,2021/08/06
758,Diversicare Healthcare Services Inc.,2021/11/21
759,Kimco Realty Corporation,2021/10/13
760,"Weyco Group, Inc.",2021/07/10
761,"MSC Industrial Direct Company, Inc.",2021/09/29
762,"Four Corners Property Trust, Inc.",2021/11/06
763,"Calithera Biosciences, Inc.",2021/03/11
764,"PTC Therapeutics, Inc.",2021/12/19
765,"CorEnergy Infrastructure Trust, Inc.",2021/10/15
766,Seaspan Corporation,2021/01/13
767,Frank's International N.V.,2021/02/05
768,"Thor Industries, Inc.",2021/09/11
769,NQ Mobile Inc.,2021/12/17
770,"Blackrock MuniYield New York Quality Fund, Inc.",2021/04/04
771,"Armstrong Flooring, Inc.",2021/02/02
772,Wells Fargo & Company,2021/11/29
773,Alphabet Inc.,2021/07/13
774,"Patterson-UTI Energy, Inc.",2021/11/06
775,"Peoples Bancorp of North Carolina, Inc.",2021/08/25
776,Pioneer Floating Rate Trust,2021/01/30
777,Exxon Mobil Corporation,2021/02/05
778,"Trex Company, Inc.",2021/07/26
779,Tata Motors Ltd,2021/06/23
780,"SK Telecom Co., Ltd.",2021/09/29
781,Tech Data Corporation,2021/03/17
782,"CYS Investments, Inc.",2021/05/29
783,PICO Holdings Inc.,2021/06/03
784,"Prudential Short Duration High Yield Fund, Inc.",2021/07/11
785,Baozun Inc.,2021/01/23
786,"Enbridge Energy, L.P.",2021/11/06
787,"CACI International, Inc.",2021/07/20
788,Kamada Ltd.,2021/04/14
789,Public Storage,2021/09/17
790,Modern Media Acquisition Corp.,2021/03/05
791,First Trust Eurozone AlphaDEX ETF,2021/06/19
792,VelocityShares VIX Medium-Term ETN,2021/11/11
793,Kenon Holdings Ltd.,2021/10/20
794,Universal Technical Institute Inc,2021/12/01
795,"Western Refining Logistics, LP",2021/09/04
796,Uniti Group Inc.,2021/10/18
797,First Trust,2021/09/15
798,Alphabet Inc.,2021/05/11
799,Ellington Financial LLC,2021/09/04
800,PIMCO California Municipal Income Fund,2021/07/06
801,Resource Capital Corp.,2021/05/05
802,"PIMCO Commercial Mortgage Securities Trust, Inc.",2021/04/28
803,Nuveen Build America Bond Opportunity Fund,2021/09/30
804,Chesapeake Lodging Trust,2021/03/13
805,"Biocept, Inc.",2021/05/31
806,Insulet Corporation,2021/01/23
807,"Oncobiologics, Inc.",2021/03/04
808,"Cedar Realty Trust, Inc.",2021/01/17
809,"FBL Financial Group, Inc.",2021/12/22
810,"NCS Multistage Holdings, Inc.",2021/05/30
811,Vertex Pharmaceuticals Incorporated,2021/06/26
812,"Turkish Investment Fund, Inc. (The)",2021/01/13
813,Public Storage,2021/11/16
814,City Holding Company,2021/10/28
815,"Texas Capital Bancshares, Inc.",2021/04/02
816,Altria Group,2021/12/06
817,"Orion Energy Systems, Inc.",2021/08/12
818,"Dominion Energy, Inc.",2021/08/08
819,Gabelli Dividend,2021/01/18
820,Abeona Therapeutics Inc.,2021/05/01
821,"Nathan's Famous, Inc.",2021/04/27
822,CU Bancorp (CA),2021/08/28
823,"Texas Capital Bancshares, Inc.",2021/03/14
824,"Templeton Global Income Fund, Inc.",2021/10/20
825,Terreno Realty Corporation,2021/03/31
826,Hingham Institution for Savings,2021/04/23
827,"Banco Santander, S.A.",2021/01/10
828,"Chico's FAS, Inc.",2021/03/03
829,Boston Scientific Corporation,2021/02/26
830,FMC Corporation,2021/09/01
831,Eaton Vance Municipal Income Trust,2021/03/15
832,Ivy High Income Opportunities Fund,2021/04/17
833,Citigroup Inc.,2021/11/08
834,"Neurocrine Biosciences, Inc.",2021/09/19
835,"Poage Bankshares, Inc.",2021/01/12
836,"HealthStream, Inc.",2021/08/10
837,iStar Financial Inc.,2021/09/25
838,PetroChina Company Limited,2021/07/01
839,"Alliance MMA, Inc.",2021/11/07
840,Fortive Corporation,2021/12/10
841,"Hurco Companies, Inc.",2021/10/02
842,Union Pacific Corporation,2021/09/27
843,"TIER REIT, Inc.",2021/09/18
844,Pampa Energia S.A.,2021/06/28
845,Allstate Corporation (The),2021/01/29
846,iPass Inc.,2021/10/26
847,"CDK Global, Inc.",2021/11/08
848,Wells Fargo & Company,2021/01/19
849,Barington/Hilco Acquisition Corp.,2021/10/25
850,"Synthetic Fixed-Income Securities, Inc.",2021/06/13
851,"Avon Products, Inc.",2021/09/09
852,Corcept Therapeutics Incorporated,2021/04/03
853,"Kandi Technologies Group, Inc.",2021/09/05
854,National General Holdings Corp,2021/12/08
855,"Marten Transport, Ltd.",2021/06/16
856,DTE Energy Company,2021/04/01
857,NXP Semiconductors N.V.,2021/10/06
858,NXT-ID Inc.,2021/03/19
859,The Cheesecake Factory Incorporated,2021/01/06
860,"LivePerson, Inc.",2021/12/28
861,"General Communication, Inc.",2021/05/14
862,iShares Commodities Select Strategy ETF,2021/01/13
863,Adecoagro S.A.,2021/09/01
864,"BioCryst Pharmaceuticals, Inc.",2021/02/13
865,Liberty Global plc,2021/05/17
866,"Redwood Trust, Inc.",2021/11/25
867,PowerShares DWA Basic Materials Momentum Portfolio,2021/04/15
868,"BLACKROCK INTERNATIONAL, LTD.",2021/07/07
869,First Trust Dorsey Wright Dynamic Focus 5 ETF,2021/07/30
870,"Ambac Financial Group, Inc.",2021/05/25
871,PIMCO New York Municipal Income Fund III,2021/07/22
872,Nuveen North Carolina Quality Municipal Income Fd,2021/04/12
873,Lindblad Expeditions Holdings Inc. ,2021/10/12
874,Omega Protein Corporation,2021/08/03
875,Lehman ABS Corporation,2021/02/13
876,Technical Communications Corporation,2021/05/10
877,"John B. Sanfilippo & Son, Inc.",2021/11/09
878,"Sunstone Hotel Investors, Inc.",2021/06/29
879,"CF Industries Holdings, Inc.",2021/12/06
880,"Cypress Energy Partners, L.P.",2021/10/03
881,"LendingTree, Inc.",2021/06/28
882,Liberty Media Corporation,2021/07/10
883,Sina Corporation,2021/10/06
884,AllianzGI Convertible & Income Fund,2021/09/13
885,Virtusa Corporation,2021/03/14
886,First Trust Small Cap Growth AlphaDEX Fund,2021/08/24
887,"AAC Holdings, Inc.",2021/07/02
888,"e.l.f. Beauty, Inc.",2021/06/08
889,"Halyard Health, Inc.",2021/05/19
890,"Diversified Restaurant Holdings, Inc.",2021/07/06
891,"Reinsurance Group of America, Incorporated",2021/05/14
892,"Nutanix, Inc.",2021/03/23
893,Hexcel Corporation,2021/10/27
894,China Eastern Airlines Corporation Ltd.,2021/07/12
895,Luminex Corporation,2021/06/15
896,Azul S.A.,2021/12/18
897,Ingredion Incorporated,2021/08/16
898,NXT-ID Inc.,2021/10/13
899,"Heartland Financial USA, Inc.",2021/05/10
900,"Templeton Global Income Fund, Inc.",2021/03/16
901,"Wayside Technology Group, Inc.",2021/10/17
902,O2Micro International Limited,2021/05/20
903,Pimco Corporate & Income Stategy Fund,2021/06/22
904,"Ocular Therapeutix, Inc.",2021/06/08
905,"Crossroads Systems, Inc.",2021/07/21
906,"Shutterstock, Inc.",2021/05/20
907,PowerShares International Dividend Achievers Portfolio,2021/06/26
908,Duke Realty Corporation,2021/09/27
909,"Just Energy Group, Inc.",2021/01/25
910,"Goldman Sachs Group, Inc. (The)",2021/02/06
911,Liberty Interactive Corporation,2021/10/05
912,"Adams Natural Resources Fund, Inc.",2021/08/06
913,"Avon Products, Inc.",2021/08/21
914,BioAmber Inc.,2021/05/06
915,Kitov Pharmaceuticals Holdings Ltd.,2021/06/01
916,"Blackhawk Network Holdings, Inc.",2021/01/25
917,"Blackrock MuniHoldings Fund, Inc.",2021/01/20
918,Independent Bank Corp.,2021/01/05
919,Enel Generacion Chile S.A.,2021/09/07
920,"Colony NorthStar, Inc.",2021/01/26
921,Southern California Edison Company,2021/12/15
922,Southern Company (The),2021/05/30
923,MSG Networks Inc.,2021/03/12
924,AdvanSix Inc.,2021/10/07
925,Cenovus Energy Inc,2021/02/24
926,Ares Capital Corporation,2021/02/21
927,"Jaguar Animal Health, Inc.",2021/02/26
928,"Alphatec Holdings, Inc.",2021/01/03
929,Parker Drilling Company,2021/12/11
930,"Saul Centers, Inc.",2021/11/13
931,"American Capital Senior Floating, Ltd.",2021/07/22
932,"Merrimack Pharmaceuticals, Inc.",2021/02/19
933,"BioTelemetry, Inc.",2021/05/30
934,M&T Bank Corporation,2021/03/30
935,Ivy NextShares,2021/12/02
936,"Patterson-UTI Energy, Inc.",2021/06/08
937,"NextEra Energy, Inc.",2021/06/09
938,Newfield Exploration Company,2021/10/02
939,Delta Technology Holdings Limited,2021/01/13
940,Cincinnati Bell Inc,2021/01/14
941,RADA Electronic Industries Ltd.,2021/07/05
942,Erie Indemnity Company,2021/09/29
943,Bryn Mawr Bank Corporation,2021/07/20
944,Putnam Municipal Opportunities Trust,2021/01/05
945,"Bear State Financial, Inc.",2021/03/21
946,"Alaska Air Group, Inc.",2021/08/04
947,Brookfield Global Listed Infrastructure Income Fund,2021/11/02
948,"Alico, Inc.",2021/02/04
949,"BWX Technologies, Inc.",2021/11/29
950,"EV Energy Partners, L.P.",2021/08/03
951,Nuveen Intermediate Duration Municipal Term Fund,2021/07/18
952,"China Natural Resources, Inc.",2021/03/29
953,"CapStar Financial Holdings, Inc.",2021/06/28
954,"Sportsman's Warehouse Holdings, Inc.",2021/01/09
955,ENI S.p.A.,2021/08/07
956,Envision Healthcare Corporation,2021/11/07
957,Midatech Pharma PLC,2021/11/14
958,Nuven Mortgage Opportunity Term Fund 2,2021/02/21
959,"Texas Roadhouse, Inc.",2021/04/11
960,First Trust Total US Market AlphaDEX ETF,2021/05/26
961,"Treehouse Foods, Inc.",2021/02/18
962,RiceBran Technologies,2021/10/08
963,First Trust NASDAQ Cybersecurity ETF,2021/06/23
964,Blackrock Health Sciences Trust,2021/06/06
965,"PayPal Holdings, Inc.",2021/05/26
966,Antero Midstream Partners LP,2021/10/24
967,"Gaming and Leisure Properties, Inc.",2021/04/19
968,"Evolving Systems, Inc.",2021/02/10
969,Tsakos Energy Navigation Ltd,2021/07/16
970,Verizon Communications Inc.,2021/12/14
971,Nektar Therapeutics,2021/08/07
972,"Bio-Rad Laboratories, Inc.",2021/08/19
973,Avadel Pharmaceuticals plc,2021/08/06
974,A.H. Belo Corporation,2021/07/28
975,Deckers Outdoor Corporation,2021/11/05
976,Heico Corporation,2021/04/08
977,Cabot Corporation,2021/02/05
978,"Financial Engines, Inc.",2021/08/05
979,Hallador Energy Company,2021/05/06
980,BLDRS Asia 50 ADR Index Fund,2021/10/28
981,"Southern National Bancorp of Virginia, Inc.",2021/10/31
982,"OncoMed Pharmaceuticals, Inc.",2021/08/30
983,Evogene Ltd.,2021/08/13
984,Bank of the Ozarks,2021/04/22
985,First Trust Brazil AlphaDEX Fund,2021/11/26
986,Christopher & Banks Corporation,2021/09/12
987,Principal Financial Group Inc,2021/04/27
988,"AllianzGI NFJ Dividend, Interest & Premium Strategy Fund",2021/01/09
989,"Century Bancorp, Inc.",2021/05/18
990,Eaton Vance NextShares Trust,2021/12/03
991,"Empire State Realty Trust, Inc.",2021/10/10
992,Stellus Capital Investment Corporation,2021/11/29
993,"Ulta Beauty, Inc.",2021/04/11
994,"AAC Holdings, Inc.",2021/03/18
995,"Midland States Bancorp, Inc.",2021/02/17
996,"Micron Technology, Inc.",2021/08/22
997,"Landcadia Holdings, Inc.",2021/12/05
998,The Cushing MLP Total Return Fund,2021/08/02
999,Advent Claymore Convertible Securities and Income Fund II,2021/11/29
1000,WAVE Life Sciences Ltd.,2021/09/04
